{
  "sim_time": 3.1099999999999777,
  "ego": {
    "loc": [
      181.94253540039062,
      -207.90000915527344,
      0.0018512343522161245
    ],
    "vel": [
      -11.937077522277832,
      0.0002361322840442881,
      8.678435960973729e-07
    ],
    "half_width": 1.081725001335144
  },
  "ped": {
    "loc": [
      162.6396942138672,
      -217.85165405273438,
      0.7218071818351746
    ],
    "vel": [
      0.0,
      0.87890625,
      0.0
    ]
  },
  "cfg": {
    "dt": 0.1,
    "horizon_s": 3.0,
    "v_ref": 13,
    "d_safe": 2.0
  },
  "meta": {
    "tick": 310,
    "plan_every": 10,
    "town": "Town03"
  }
}