{
  "sim_time": 3.1099999999999777,
  "ego": {
    "loc": [
      181.942626953125,
      -207.90000915527344,
      0.001851310720667243
    ],
    "vel": [
      -11.937078475952148,
      0.00023623790184501559,
      1.2302398317842744e-06
    ],
    "half_width": 1.081725001335144
  },
  "ped": {
    "loc": [
      162.6396942138672,
      -217.85165405273438,
      1.101806879043579
    ],
    "vel": [
      0.0,
      0.87890625,
      0.0
    ]
  },
  "cfg": {
    "dt": 0.1,
    "horizon_s": 3.0,
    "v_ref": 13,
    "d_safe": 2.0
  },
  "meta": {
    "tick": 310,
    "plan_every": 10,
    "town": "Town03"
  }
}